COL1,COL2,COL3,COL4,COL5,COL6,SMILES,COL7,COL8,COL9
C,3,-,-,-,-,O=C(C)NCCCN1C2=CC=CC=C2CC1/C=C/C(CCC/3)=C(N(CCCCCCCCCCCC)C(C)=O)C3=C\C=C4N(CCC)C(C=CC=C5)=C5C\4(C)C,-,Binary >1.5,metformin/control
C,4,-,-,-,-,O=C(C)NCCCN1C2=CC=CC=C2CC1/C=C/C(CCC/3)=C(N(CC4=CC(F)=CC(F)=C4)C(C)=O)C3=C\C=C5N(CCC)C(C=CC=C6)=C6C\5(C)C,-,0.224339098,0.818660759
C,5,-,-,-,-,O=C(C)NCCCN1C2=CC=CC=C2CC1/C=C/C(CCC/3)=C(N(CCC(C)(C)C)C(C)=O)C3=C\C=C4N(CCC)C(C=CC=C5)=C5C\4(C)C,-,0.188853815,0.933622704
C,6,-,-,-,-,O=C(C)NCCCN1C2=CC=CC=C2CC1/C=C/C(CCC/3)=C(N(CN4CCCC4)C(C)=O)C3=C\C=C5N(CCC)C(C=CC=C6)=C6C\5(C)C,-,0.160415947,0.548612545
C,7,-,-,-,-,O=C(C)NCCCN1C2=CC=CC=C2CC1/C=C/C(CCC/3)=C(N(CCCCC4=CC=CC=C4)C(C)=O)C3=C\C=C5N(CCC)C(C=CC=C6)=C6C\5(C)C,-,0.186733499,0.695997013
C,8,-,-,-,-,O=C(C)NCCCN1C2=CC=CC=C2CC1/C=C/C(CCC/3)=C(N(C4CCCCC4)C(C)=O)C3=C\C=C5N(CCC)C(C=CC=C6)=C6C\5(C)C,-,0.176972345,0.621552351
C,9,-,-,-,-,O=C(C)NCCCN1C2=CC=CC=C2CC1/C=C/C(CCC/3)=C(N(CC4=CC=CC(OC)=C4OC)C(C)=O)C3=C\C=C5N(CCC)C(C=CC=C6)=C6C\5(C)C,-,0.224253803,0.841799549
C,10,-,-,-,-,O=C(C)NCCCN1C2=CC=CC=C2CC1/C=C/C(CCC/3)=C(N(C(CCC)C)C(C)=O)C3=C\C=C4N(CCC)C(C=CC=C5)=C5C\4(C)C,-,0.175169006,0.699356359
C,11,-,-,-,-,O=C(C)NCCCN1C2=CC=CC=C2CC1/C=C/C(CCC/3)=C(N(CCC4=CC=C(CC)C=C4)C(C)=O)C3=C\C=C5N(CCC)C(C=CC=C6)=C6C\5(C)C,-,0.223039106,0.846393227
C,12,-,-,-,-,O=C(C)NCCCN1C2=CC=CC=C2CC1/C=C/C(CCC/3)=C(N(CC4=CC=C(F)C=C4)C(C)=O)C3=C\C=C5N(CCC)C(C=CC=C6)=C6C\5(C)C,-,0.229267329,0.829307103
C,13,-,-,-,-,O=C(C)NCCCN1C2=CC=CC=C2CC1/C=C/C(CCC/3)=C(N(CC4=CC(F)=CC=C4)C(C)=O)C3=C\C=C5N(CCC)C(C=CC=C6)=C6C\5(C)C,-,0.229159072,0.833141879
C,14,-,-,-,-,O=C(C)NCCCN1C2=CC=CC=C2CC1/C=C/C(CCC/3)=C(N(CC4=CC=C(Cl)C=C4)C(C)=O)C3=C\C=C5N(CCC)C(C=CC=C6)=C6C\5(C)C,-,0.234108254,0.847443641
C,15,-,-,-,-,O=C(C)NCCCN1C2=CC=CC=C2CC1/C=C/C(CCC/3)=C(N(CC4=CC(OC)=CC(OC)=C4)C(C)=O)C3=C\C=C5N(CCC)C(C=CC=C6)=C6C\5(C)C,-,0.229702339,0.864965356
C,16,-,-,-,-,O=C(C)NCCCN1C2=CC=CC=C2CC1/C=C/C(CCC/3)=C(N(C(CCC4=CC=CC=C4)C)C(C)=O)C3=C\C=C5N(CCC)C(C=CC=C6)=C6C\5(C)C,-,0.214089125,0.784020672
C,17,-,-,-,-,O=C(C)NCCCN1C2=CC=CC=C2CC1/C=C/C(CCC/3)=C(N(CCCCCC)C(C)=O)C3=C\C=C4N(CCC)C(C=CC=C5)=C5C\4(C)C,-,0.128858775,0.542293285
C,18,-,-,-,-,O=C(C)NCCCN1C2=CC=CC=C2CC1/C=C/C(CCC/3)=C(N(CCN4CCOCC4)C(C)=O)C3=C\C=C5N(CCC)C(C=CC=C6)=C6C\5(C)C,-,0.161355451,0.490907935
C,19,-,-,-,-,O=C(C)NCCCN1C2=CC=CC=C2CC1/C=C/C(CCC/3)=C(N(CCCC4=CC=CC=C4)C(C)=O)C3=C\C=C5N(CCC)C(C=CC=C6)=C6C\5(C)C,-,0.2081718,0.751310484
C,20,-,-,-,-,O=C(C)NCCCN1C2=CC=CC=C2CC1/C=C/C(CCC/3)=C(N(CCCC)C(C)=O)C3=C\C=C4N(CCC)C(C=CC=C5)=C5C\4(C)C,-,0.164509147,0.651878444
C,21,-,-,-,-,O=C(C)NCCCN1C2=CC=CC=C2CC1/C=C/C(CCC/3)=C(N(CC4=CC(OC)=CC=C4)C(C)=O)C3=C\C=C5N(CCC)C(C=CC=C6)=C6C\5(C)C,-,0.231713325,0.858924824
C,22,-,-,-,-,O=C(C)NCCCN1C2=CC=CC=C2CC1/C=C/C(CCC/3)=C(N(CC4=CC=CC(Cl)=C4)C(C)=O)C3=C\C=C5N(CCC)C(C=CC=C6)=C6C\5(C)C,-,0.233699545,0.851126341
D,3,-,-,-,-,O=C(C)NCCCN1C2=CC=CC=C2CC1/C=C/C(CCC/3)=C(N(CCC4=C(Cl)C=CC=C4)C(C)=O)C3=C\C=C5N(CCC)C(C=CC=C6)=C6C\5(C)C,-,0.224726528,0.802716213
D,4,-,-,-,-,O=C(C)NCCCN1C2=CC=CC=C2CC1/C=C/C(CCC/3)=C(N(CCCC)C(C)=O)C3=C\C=C4N(CCC)C(C=CC=C5)=C5C\4(C)C,-,0.164509147,0.651878444
D,5,-,-,-,-,O=C(C)NCCCN1C2=CC=CC=C2CC1/C=C/C(CCC/3)=C(N(CC4=CC=CO4)C(C)=O)C3=C\C=C5N(CCC)C(C=CC=C6)=C6C\5(C)C,-,0.234424457,0.837078875
D,6,-,-,-,-,O=C(C)NCCCN1C2=CC=CC=C2CC1/C=C/C(CCC/3)=C(N(CC4=CC=C(Br)C=C4)C(C)=O)C3=C\C=C5N(CCC)C(C=CC=C6)=C6C\5(C)C,-,0.222655356,0.803419007
D,7,-,-,-,-,O=C(C)NCCCN1C2=CC=CC=C2CC1/C=C/C(CCC/3)=C(N(CCC4=C(F)C=CC=C4)C(C)=O)C3=C\C=C5N(CCC)C(C=CC=C6)=C6C\5(C)C,-,0.220466092,0.786298293
D,9,-,-,-,-,O=C(C)NCCCN1C2=CC=CC=C2CC1/C=C/C(CCC/3)=C(N(CCCN4CCCC4)C(C)=O)C3=C\C=C5N(CCC)C(C=CC=C6)=C6C\5(C)C,-,0.12947616,0.422918975
D,10,-,-,-,-,O=C(C)NCCCN1C2=CC=CC=C2CC1/C=C/C(CCC/3)=C(N(CC4=CC=C(Br)C=C4F)C(C)=O)C3=C\C=C5N(CCC)C(C=CC=C6)=C6C\5(C)C,-,0.217136115,0.788644806
D,12,-,-,-,-,O=C(C)NCCCN1C2=CC=CC=C2CC1/C=C/C(CCC/3)=C(N(CCC4=C(Cl)C=C(Cl)C=C4)C(C)=O)C3=C\C=C5N(CCC)C(C=CC=C6)=C6C\5(C)C,-,0.224745631,0.803353941
D,13,-,-,-,-,O=C(C)NCCCN1C2=CC=CC=C2CC1/C=C/C(CCC/3)=C(N(CCCN4C(C)CCCC4)C(CCN(CC5=CC=C(C)C=C5)C(CCCNC(CCl)=O)=O)=O)C3=C\C=C6N(CCC)C(C=CC=C7)=C7C\6(C)C,-,0.16514726,0.481942771
D,14,-,-,-,-,O=C(C)NCCCN1C2=CC=CC=C2CC1/C=C/C(CCC/3)=C(N(CCCN4C(C)CCCC4)C(CCN(C(C)C5=CC=C(F)C=C5)C(CCCNC(CCl)=O)=O)=O)C3=C\C=C6N(CCC)C(C=CC=C7)=C7C\6(C)C,-,0.162622645,0.441723739
D,15,-,-,-,-,O=C(C)NCCCN1C2=CC=CC=C2CC1/C=C/C(CCC/3)=C(N(CCCN4C(C)CCCC4)C(CCN(C(CO)CC(C)C)C(CCCNC(CCl)=O)=O)=O)C3=C\C=C5N(CCC)C(C=CC=C6)=C6C\5(C)C,-,0.14042379,0.391427483
D,16,-,-,-,-,O=C(C)NCCCN1C2=CC=CC=C2CC1/C=C/C(CCC/3)=C(N(CCCN4C(C)CCCC4)C(CCN(CC5=CC(Cl)=C(Cl)C=C5)C(CCCNC(CCl)=O)=O)=O)C3=C\C=C6N(CCC)C(C=CC=C7)=C7C\6(C)C,-,0.16477716,0.470815133
D,17,-,-,-,-,O=C(C)NCCCN1C2=CC=CC=C2CC1/C=C/C(CCC/3)=C(N(CCCN4C(C)CCCC4)C(CCN(CC5=CC=C(C(F)(F)F)C=C5)C(CCCNC(CCl)=O)=O)=O)C3=C\C=C6N(CCC)C(C=CC=C7)=C7C\6(C)C,-,0.166102335,0.458327267
D,18,-,-,-,-,O=C(C)NCCCN1C2=CC=CC=C2CC1/C=C/C(CCC/3)=C(N(CCCN4C(C)CCCC4)C(CCN(CC(C5=CC=CC=C5)C6=CC=CC=C6)C(CCCNC(CCl)=O)=O)=O)C3=C\C=C7N(CCC)C(C=CC=C8)=C8C\7(C)C,-,0.173631757,0.499005545
D,19,-,-,-,-,O=C(C)NCCCN1C2=CC=CC=C2CC1/C=C/C(CCC/3)=C(N(CCCN4C(C)CCCC4)C(CCN(C(C)C)C(CCCNC(CCl)=O)=O)=O)C3=C\C=C5N(CCC)C(C=CC=C6)=C6C\5(C)C,-,0.147223026,0.393012347
D,21,-,-,-,-,O=C(C)NCCCN1C2=CC=CC=C2CC1/C=C/C(CCC/3)=C(N(CCCN4C(C)CCCC4)C(CCN(C(C)CCC5=CC=CC=C5)C(CCCNC(CCl)=O)=O)=O)C3=C\C=C6N(CCC)C(C=CC=C7)=C7C\6(C)C,-,0.155842453,0.41505622
D,22,-,-,-,-,O=C(C)NCCCN1C2=CC=CC=C2CC1/C=C/C(CCC/3)=C(N(CCCN4C(C)CCCC4)C(CCN(CCOC)C(CCCNC(CCl)=O)=O)=O)C3=C\C=C5N(CCC)C(C=CC=C6)=C6C\5(C)C,-,0.134851918,0.323816783
E,3,-,-,-,-,O=C(C)NCCCN1C2=CC=CC=C2CC1/C=C/C(CCC/3)=C(N(CCCN4C(C)CCCC4)C(CCN(CCCOC)C(CCCNC(CCl)=O)=O)=O)C3=C\C=C5N(CCC)C(C=CC=C6)=C6C\5(C)C,-,0.125098184,0.289920797
E,4,-,-,-,-,O=C(C)NCCCN1C2=CC=CC=C2CC1/C=C/C(CCC/3)=C(N(CCCN4C(C)CCCC4)C(CCN(CCN(CCCC)CCCC)C(CCCNC(CCl)=O)=O)=O)C3=C\C=C5N(CCC)C(C=CC=C6)=C6C\5(C)C,-,0.076290242,0.111380711
E,5,-,-,-,-,O=C(C)NCCCN1C2=CC=CC=C2CC1/C=C/C(CCC/3)=C(N(CCCN4C(C)CCCC4)C(CCN(CCN(CCCC)CCCC)C(CCCNC(CCl)=O)=O)=O)C3=C\C=C5N(CCC)C(C=CC=C6)=C6C\5(C)C,-,0.076290242,0.111380711
E,6,-,-,-,-,O=C(C)NCCCN1C2=CC=CC=C2CC1/C=C/C(CCC/3)=C(N(CCCN4C(C)CCCC4)C(CCN(CCCN5C(C)CCCC5)C(CCCNC(CCl)=O)=O)=O)C3=C\C=C6N(CCC)C(C=CC=C7)=C7C\6(C)C,-,0.110842973,0.169620341
E,7,-,-,-,-,O=C(C)NCCCN1C2=CC=CC=C2CC1/C=C/C(CCC/3)=C(N(CCCN4C(C)CCCC4)C(CCN(CCCCCC)C(CCCNC(CCl)=O)=O)=O)C3=C\C=C5N(CCC)C(C=CC=C6)=C6C\5(C)C,-,0.101938382,0.226419733
E,8,-,-,-,-,O=C(C)NCCCN1C2=CC=CC=C2CC1/C=C/C(CCC/3)=C(N(CCCN4C(C)CCCC4)C(CCN(CCC5=CC=CC=C5)C(CCCNC(CCl)=O)=O)=O)C3=C\C=C6N(CCC)C(C=CC=C7)=C7C\6(C)C,-,0.156746283,0.422026054
E,9,-,-,-,-,O=C(C)NCCCN1C2=CC=CC=C2CC1/C=C/C(CCC/3)=C(N(CCCN4C(C)CCCC4)C(CCN(CCC5=CC=C([N+]([O-])=O)C=C5)C(CCCNC(CCl)=O)=O)=O)C3=C\C=C6N(CCC)C(C=CC=C7)=C7C\6(C)C,-,0.162403062,0.400099527
E,10,-,-,-,-,O=C(C)NCCCN1C2=CC=CC=C2CC1/C=C/C(CCC/3)=C(N(CCCN4C(C)CCCC4)C(CCN(CC5=CC=CC=C5Cl)C(CCCNC(CCl)=O)=O)=O)C3=C\C=C6N(CCC)C(C=CC=C7)=C7C\6(C)C,-,0.164149269,0.467382823
E,11,-,-,-,-,O=C(C)NCCCN1C2=CC=CC=C2CC1/C=C/C(CCC/3)=C(N(CCCN4C(C)CCCC4)C(CCN(CCCCCCCCCCC)C(CCCNC(CCl)=O)=O)=O)C3=C\C=C5N(CCC)C(C=CC=C6)=C6C\5(C)C,-,0.070284456,0.092785883
E,12,-,-,-,-,O=C(C)NCCCN1C2=CC=CC=C2CC1/C=C/C(CCC/3)=C(N(CCCN4C(C)CCCC4)C(CCN(CCC(C)C)C(CCCNC(CCl)=O)=O)=O)C3=C\C=C5N(CCC)C(C=CC=C6)=C6C\5(C)C,-,0.131585896,0.376317206
E,13,-,-,-,-,O=C(C)NCCCN1C2=CC=CC=C2CC1/C=C/C(CCC/3)=C(N(CCCN4C(C)CCCC4)C(CCN(C(C5=CC=CC=C5)CC)C(CCCNC(CCl)=O)=O)=O)C3=C\C=C6N(CCC)C(C=CC=C7)=C7C\6(C)C,-,0.157677293,0.44207309
E,14,-,-,-,-,O=C(C)NCCCN1C2=CC=CC=C2CC1/C=C/C(CCC/3)=C(N(CCCN4C(C)CCCC4)C(CCN(CCOC)C(CCCNC(CCl)=O)=O)=O)C3=C\C=C5N(CCC)C(C=CC=C6)=C6C\5(C)C,-,0.134851918,0.323816783
E,15,-,-,-,-,O=C(C)NCCCN1C2=CC=CC=C2CC1/C=C/C(CCC/3)=C(N(CCCN4C(C)CCCC4)C(CCN(CC5=CC(F)=CC(F)=C5)C(CCCNC(CCl)=O)=O)=O)C3=C\C=C6N(CCC)C(C=CC=C7)=C7C\6(C)C,-,0.160626411,0.453826668
E,16,-,-,-,-,O=C(C)NCCCN1C2=CC=CC=C2CC1/C=C/C(CCC/3)=C(N(CCCN4C(C)CCCC4)C(CCN(C5C(C)CCCC5)C(CCCNC(CCl)=O)=O)=O)C3=C\C=C6N(CCC)C(C=CC=C7)=C7C\6(C)C,-,0.142545193,0.311345529
E,17,-,-,-,-,O=C(C)NCCCN1C2=CC=CC=C2CC1/C=C/C(CCC/3)=C(N(CCCN4C(C)CCCC4)C(CCN(CCCCCC)C(CCCNC(CCl)=O)=O)=O)C3=C\C=C5N(CCC)C(C=CC=C6)=C6C\5(C)C,-,0.101938382,0.226419733
E,18,-,-,-,-,O=C(C)NCCCN1C2=CC=CC=C2CC1/C=C/C(CCC/3)=C(N(CCCN4C(C)CCCC4)C(CCN(CC5=CC=CC=C5)C(CCCNC(CCl)=O)=O)=O)C3=C\C=C6N(CCC)C(C=CC=C7)=C7C\6(C)C,-,0.163801551,0.466534487
E,19,-,-,-,-,O=C(C)NCCCN1C2=CC=CC=C2CC1/C=C/C(CCC/3)=C(N(CCCN4C(C)CCCC4)C(CCN(CCN5CCOCC5)C(CCCNC(CCl)=O)=O)=O)C3=C\C=C6N(CCC)C(C=CC=C7)=C7C\6(C)C,-,0.118985161,0.193293051
E,20,-,-,-,-,O=C(C)NCCCN1C2=CC=CC=C2CC1/C=C/C(CCC/3)=C(N(CCCN4C(C)CCCC4)C(CCN(C5CCCCC5)C(CCCNC(CCl)=O)=O)=O)C3=C\C=C6N(CCC)C(C=CC=C7)=C7C\6(C)C,-,0.134269327,0.280972368
E,21,-,-,-,-,O=C(C)NCCCN1C2=CC=CC=C2CC1/C=C/C(CCC/3)=C(N(CCCN4C(C)CCCC4)C(CCN(CCCN5CCN(C)CC5)C(CCCNC(CCl)=O)=O)=O)C3=C\C=C6N(CCC)C(C=CC=C7)=C7C\6(C)C,-,0.101832353,0.141923988
E,22,-,-,-,-,O=C(C)NCCCN1C2=CC=CC=C2CC1/C=C/C(CCC/3)=C(N(CCCN4C(C)CCCC4)C(CCN(CC5=CC=C(OC)C=C5)C(CCCNC(C)=O)=O)=O)C3=C\C=C6N(CCC)C(C=CC=C7)=C7C\6(C)C,-,0.164515838,0.472538923
F,3,-,-,-,-,O=C(NCCCN1C2=CC=CC=C2CC1/C=C/C(CCC/C3=C\C=C4N(C5=C(C\4(C)C)C=CC=C5)CCC)=C3N(C(CCN(C(CCCNC(C)=O)=O)C(C6=CC=C(C=C6)F)C)=O)CCCN7C(CCCC7)C)C,-,0.162016585,0.434387453
F,4,-,-,-,-,O=C(C)NCCCN1C2=CC=CC=C2CC1/C=C/C(CCC/3)=C(N(CCCN4C(C)CCCC4)C(CCN(CC5=CC=C(C)C=C5)C(CCCNC(C)=O)=O)=O)C3=C\C=C6N(CCC)C(C=CC=C7)=C7C\6(C)C,-,0.164559945,0.475032058
F,5,-,-,-,-,O=C(NCCCN1C2=CC=CC=C2CC1/C=C/C(CCC/C3=C\C=C4N(C5=C(C\4(C)C)C=CC=C5)CCC)=C3N(C(CCN(C(CCCNC(C)=O)=O)C(CC(C)C)CO)=O)CCCN6C(CCCC6)C)C,-,0.139587522,0.383520429
F,6,-,-,-,-,O=C(C)NCCCN1C2=CC=CC=C2CC1/C=C/C(CCC/3)=C(N(CCCN4C(C)CCCC4)C(CCN(CC5=CC=C(C(F)(F)F)C=C5)C(CCCNC(C)=O)=O)=O)C3=C\C=C6N(CCC)C(C=CC=C7)=C7C\6(C)C,-,0.165548116,0.451525431
F,7,-,-,-,-,O=C(NCCCN1C2=CC=CC=C2CC1/C=C/C(CCC/C3=C\C=C4N(C5=C(C\4(C)C)C=CC=C5)CCC)=C3N(C(CCN(C(CCCNC(C)=O)=O)CC6=CC=C(C=C6)C(F)(F)F)=O)CCCN7C(CCCC7)C)C,-,0.165548116,0.451525513
F,8,-,-,-,-,O=C(C)NCCCN1C2=CC=CC=C2CC1/C=C/C(CCC/3)=C(N(CCCN4C(C)CCCC4)C(CCN(C(C)C5=CC=C(F)C=C5)C(CCCNC(C)=O)=O)=O)C3=C\C=C6N(CCC)C(C=CC=C7)=C7C\6(C)C,-,0.162016585,0.434387535
F,9,-,-,-,-,O=C(NCCCN1C2=CC=CC=C2CC1/C=C/C(CCC/C3=C\C=C4N(C5=C(C\4(C)C)C=CC=C5)CCC)=C3N(C(CCN(C(CCCNC(C)=O)=O)CC(C6=CC=CC=C6)C7=CC=CC=C7)=O)CCCN8C(CCCC8)C)C,-,0.173176169,0.492823664
F,10,-,-,-,-,O=C(NCCCN1C2=CC=CC=C2CC1/C=C/C(CCC/C3=C\C=C4N(C5=C(C\4(C)C)C=CC=C5)CCC)=C3N(C(CCN(C(CCCNC(C)=O)=O)C(C)C)=O)CCCN6C(CCCC6)C)C,-,0.146403611,0.384624996
F,11,-,-,-,-,O=C(C)NCCCN1C2=CC=CC=C2CC1/C=C/C(CCC/3)=C(N(CCCN4C(C)CCCC4)C(CCN(CCC5=C(Cl)C=C(Cl)C=C5)C(CCCNC(C)=O)=O)=O)C3=C\C=C6N(CCC)C(C=CC=C7)=C7C\6(C)C,-,0.156751931,0.419093624
F,12,-,-,-,-,O=C(C)NCCCN1C2=CC=CC=C2CC1/C=C/C(CCC/3)=C(N(CCCN4C(C)CCCC4)C(CCN(CC5=CC(C(F)(F)F)=CC=C5)C(CCCNC(C)=O)=O)=O)C3=C\C=C6N(CCC)C(C=CC=C7)=C7C\6(C)C,-,0.164928898,0.453050848
F,13,-,-,-,-,O=C(C)NCCCN1C2=CC=CC=C2CC1/C=C/C(CCC/3)=C(N(CCCN4C(C)CCCC4)C(CCN(CCCCCCCC)C(CCCNC(C)=O)=O)=O)C3=C\C=C5N(CCC)C(C=CC=C6)=C6C\5(C)C,-,0.086251616,0.160878916
F,14,-,-,-,-,O=C(C)NCCCN1C2=CC=CC=C2CC1/C=C/C(CCC/3)=C(N(CCCN4C(C)CCCC4)C(CCN(CCC(C)(C)C)C(CCCNC(C)=O)=O)=O)C3=C\C=C5N(CCC)C(C=CC=C6)=C6C\5(C)C,-,0.133833557,0.464895062
F,15,-,-,-,-,O=C(C)NCCCN1C2=CC=CC=C2CC1/C=C/C(CCC/3)=C(N(CCCN4C(C)CCCC4)C(CCN(CCC5=CC=CC=C5F)C(CCCNC(C)=O)=O)=O)C3=C\C=C6N(CCC)C(C=CC=C7)=C7C\6(C)C,-,0.153628021,0.402826906
F,16,-,-,-,-,O=C(C)NCCCN1C2=CC=CC=C2CC1/C=C/C(CCC/3)=C(N(CCCN4C(C)CCCC4)C(CCN(CCCCCCCCCCC)C(CCCNC(C)=O)=O)=O)C3=C\C=C5N(CCC)C(C=CC=C6)=C6C\5(C)C,-,0.069179744,0.083064077
F,17,-,-,-,-,O=C(C)NCCCN1C2=CC=CC=C2CC1/C=C/C(CCC/3)=C(N(CCCN4C(C)CCCC4)C(CCN(CCC(C5=CC=CC=C5)C6=CC=CC=C6)C(CCCNC(C)=O)=O)=O)C3=C\C=C7N(CCC)C(C=CC=C8)=C8C\7(C)C,-,0.165839657,0.458419776
F,18,-,-,-,-,O=C(C)NCCCN1C2=CC=CC=C2CC1/C=C/C(CCC/3)=C(N(CCCN4C(C)CCCC4)C(CCN(CCCOC(C)C)C(CCCNC(C)=O)=O)=O)C3=C\C=C5N(CCC)C(C=CC=C6)=C6C\5(C)C,-,0.130300865,0.323547075
F,19,-,-,-,-,O=C(NCCCN1C2=CC=CC=C2CC1/C=C/C(CCC/C3=C\C=C4N(C5=C(C\4(C)C)C=CC=C5)CCC)=C3N(C(CCN(C(CCCNC(C)=O)=O)CCCCCCCCCCC)=O)CCCN6C(CCCC6)C)C,-,0.069179758,0.083064077
F,20,-,-,-,-,O=C(C)NCCCN1C2=CC=CC=C2CC1/C=C/C(CCC/3)=C(N(CCCN4C(C)CCCC4)C(CCN(CC(CC(C)C)C)C(CCCNC(C)=O)=O)=O)C3=C\C=C5N(CCC)C(C=CC=C6)=C6C\5(C)C,-,0.136885881,0.412287961
F,21,-,-,-,-,O=C(C)NCCCN1C2=CC=CC=C2CC1/C=C/C(CCC/3)=C(N(CCCN4C(C)CCCC4)C(CCN(CC5=CC=C([N+]([O-])=O)C=C5)C(CCCNC(C)=O)=O)=O)C3=C\C=C6N(CCC)C(C=CC=C7)=C7C\6(C)C,-,0.169180021,0.437376479
F,22,-,-,-,-,O=C(C)NCCCN1C2=CC=CC=C2CC1/C=C/C(CCC/3)=C(N(CCCN4C(C)CCCC4)C(CCN(CC5=CC=CC=C5F)C(CCCNC(C)=O)=O)=O)C3=C\C=C6N(CCC)C(C=CC=C7)=C7C\6(C)C,-,0.16122146,0.449993988
G,3,-,-,-,-,O=C(C)NCCCN1C2=CC=CC=C2CC1/C=C/C(CCC/3)=C(N(CCCN4C(C)CCCC4)C(CCN(CCCCCC)C(CCCNC(C)=O)=O)=O)C3=C\C=C5N(CCC)C(C=CC=C6)=C6C\5(C)C,-,0.100782238,0.216870404
G,4,-,-,-,-,O=C(C)NCCCN1C2=CC=CC=C2CC1/C=C/C(CCC/3)=C(N(CCCN4C(C)CCCC4)C(CCN(CCC5=CC=C(CC)C=C5)C(CCCNC(C)=O)=O)=O)C3=C\C=C6N(CCC)C(C=CC=C7)=C7C\6(C)C,-,0.155807808,0.445123598
G,5,-,-,-,-,O=C(C)NCCCN1C2=CC=CC=C2CC1/C=C/C(CCC/3)=C(N(CCCN4C(C)CCCC4)C(CCN(C5CCCCC5)C(CCCNC(C)=O)=O)=O)C3=C\C=C6N(CCC)C(C=CC=C7)=C7C\6(C)C,-,0.133351192,0.272295927
G,6,-,-,-,-,O=C(C)NCCCN1C2=CC=CC=C2CC1/C=C/C(CCC/3)=C(N(CCCN4C(C)CCCC4)C(CCN(C(CCCCC)CC)C(CCCNC(C)=O)=O)=O)C3=C\C=C5N(CCC)C(C=CC=C6)=C6C\5(C)C,-,0.102867462,0.221645679
G,7,-,-,-,-,NCC/[NH+]=C(C=C1OC2=C3C=CC(N4C=C(C5=CC=CC=C5)N=N4)=C2)\C=CC1=C3C6=CC=C7C(C=CC(OC)=C7)=C6,-,0.248905584,0.868900133
G,8,-,-,-,-,NCC/[NH+]=C(C=C1OC2=C3C=CC(N4C=C(C5=CC=CC=C5)N=N4)=C2)\C=CC1=C3C6=CC(C)=C(OC)C(C)=C6,-,0.232959583,0.951812846
G,9,-,-,-,-,NCC/[NH+]=C(C=C1OC2=C3C=CC(N4C=C(C5=CC=CC=C5)N=N4)=C2)\C=CC1=C3C6=CC=C(F)C(C)=C6,-,0.233986482,0.884231584
G,10,-,-,-,-,NCC/[NH+]=C(C=C1OC2=C3C=CC(N4C=C(C5=CC=C(C)C=C5)N=N4)=C2)\C=CC1=C3C6=CC=C(N(C)C)C=C6,-,0.257490844,1.306192523
G,11,-,-,-,-,NCC/[NH+]=C(C=C1OC2=C3C=CC(N4C=C(C5=CC=C(C)C=C5)N=N4)=C2)\C=CC1=C3C6=CC=C(OC)C=C6,-,0.241547659,0.931010349
G,12,-,-,-,-,NCC/[NH+]=C(C=C1OC2=C3C=CC(N4C=C(C5=CC=C(C)C=C5)N=N4)=C2)\C=CC1=C3C6=CC=C7C(C=CC=C7)=C6,-,0.251829058,0.904121758
G,13,-,-,-,-,NCC/[NH+]=C(C=C1OC2=C3C=CC(N4C=C(C5=CC=C(C)C=C5)N=N4)=C2)\C=CC1=C3C6=CC=C(C7=CC=CC=C7)C=C6,-,0.257132173,0.922518356
G,14,-,-,-,-,NCC/[NH+]=C(C=C1OC2=C3C=CC(N4C=C(C5=CC=C(C)C=C5)N=N4)=C2)\C=CC1=C3C6=CC=C7C(C=CC(OC)=C7)=C6,-,0.250712663,0.905951677
G,15,-,-,-,-,NCC/[NH+]=C(C=C1OC2=C3C=CC(N4C=C(C5=CC=C(C)C=C5)N=N4)=C2)\C=CC1=C3C6=CC(C)=C(OC)C(C)=C6,-,0.235512406,0.993131041
G,16,-,-,-,-,NCC/[NH+]=C(C=CC1=C2C3=CC=C(C=C3)N(C)C)/C=C1OC4=C2C=CC(N5C=C(N=N5)C6=CC=C(C=C6)C(C)(C)C)=C4,-,0.256534129,1.759071965
G,17,-,-,-,-,NCC/[NH+]=C(C=CC1=C2C3=CC=C(C=C3)OC4=CC=CC=C4)/C=C1OC5=C2C=CC(N6C=C(N=N6)C7=CC=C(C=C7)C(C)(C)C)=C5,-,0.255743682,1.299843866
G,18,-,-,-,-,NCC/[NH+]=C(C=CC1=C2C3=CC=C(C=C3)OC)/C=C1OC4=C2C=CC(N5C=C(N=N5)C6=CC=C(C=C6)CCCC)=C4,-,0.192963451,0.810999919
G,19,-,-,-,-,NCC/[NH+]=C(C=CC1=C2C3=CC=C4C(C=CC=C4)=C3)/C=C1OC5=C2C=CC(N6C=C(N=N6)C7=CC=C(C=C7)CCCC)=C5,-,0.203241631,0.792360058
G,20,-,-,-,-,NCC/[NH+]=C(C=CC1=C2C3=CC=C(C4=CC=CC=C4)C=C3)/C=C1OC5=C2C=CC(N6C=C(N=N6)C7=CC=C(C=C7)CCCC)=C5,-,0.209531352,0.81334228
G,21,-,-,-,-,NCC/[NH+]=C(C=CC1=C2C3=CC=CC(CN4CCOCC4)=C3)/C=C1OC5=C2C=CC(N6C=C(N=N6)C7=CC=C(C=C7)CCCC)=C5,-,0.166769773,0.616308588
G,22,-,-,-,-,NCC/[NH+]=C(C=CC1=C2C3=CC=C(OC)C=C3)/C=C1OC4=C2C=CC(N5C=C(N=N5)C6=CC(OC)=CC(OC)=C6)=C4,-,0.237483427,0.909470022
H,3,-,-,-,-,NCC/[NH+]=C(C=CC1=C2C3=CC=C(C4=CC=CC=C4)C=C3)/C=C1OC5=C2C=CC(N6C=C(N=N6)C7=CC(OC)=CC(OC)=C7)=C5,-,0.251997352,0.902446157
H,4,-,-,-,-,NCC/[NH+]=C(C=CC1=C2C3=CC=CC(CN4CCOCC4)=C3)/C=C1OC5=C2C=CC(N6C=C(N=N6)CC7=CC=CC=C7)=C5,-,0.203008279,0.694488086
H,5,-,-,-,-,NCC/[NH+]=C(C=CC1=C2C3=CC=C(OC4=CC=CC=C4)C=C3)/C=C1OC5=C2C=CC(N6C=C(N=N6)C7=CC=CC(C)=C7)=C5,-,0.256666809,0.900439365
H,6,-,-,-,-,NCC/[NH+]=C(C=CC1=C2C3=CC=C4C(C=CC=C4)=C3)/C=C1OC5=C2C=CC(N6C=C(N=N6)C7=CC=CC(C)=C7)=C5,-,0.251625568,0.911008428
H,7,-,-,-,-,NCC/[NH+]=C(C=CC1=C2C3=CC=C4C(C=CC(OC)=C4)=C3)/C=C1OC5=C2C=CC(N6C=C(N=N6)C7=CC=CC(C)=C7)=C5,-,0.250524074,0.912607726
H,8,-,-,-,-,NCC/[NH+]=C(C=CC1=C2C3=CC(C)=C(OC)C(C)=C3)/C=C1OC4=C2C=CC(N5C=C(N=N5)C6=CC=CC(C)=C6)=C4,-,0.235276222,1.0007572
H,9,-,-,-,-,CC(NCC/[NH+]=C(C=CC1=C2C3=CC=C(OC4=CC=CC=C4)C=C3)/C=C1OC5=C2C=CC(N6C=C(N=N6)C7=CC=CC=C7)=C5)=O,-,0.347265244,0.98210943
H,10,-,-,-,-,CC(NCC/[NH+]=C(C=CC1=C2C3=CC=C(C4=CC=CC=C4)C=C3)/C=C1OC5=C2C=CC(N6C=C(N=N6)C7=CC=CC=C7)=C5)=O,-,0.349639863,1.013340618
H,11,-,-,-,-,CC(NCC/[NH+]=C(C=CC1=C2C3=CC=C4C(C=CC(OC)=C4)=C3)/C=C1OC5=C2C=CC(N6C=C(N=N6)C7=CC=CC=C7)=C5)=O,-,0.344306678,0.998322829
H,12,-,-,-,-,CC(NCC/[NH+]=C(C=CC1=C2C3=CC=C(F)C(C)=C3)/C=C1OC4=C2C=CC(N5C=C(N=N5)C6=CC=CC=C6)=C4)=O,-,0.338925123,1.031148206
H,13,-,-,-,-,O=C(CCl)NCC/[NH+]=C(C=CC1=C2C3=CC=C(OC4=CC=CC=C4)C=C3)/C=C1OC5=C2C=CC(N6C=C(N=N6)C7=CC=C(C)C=C7)=C5,-,0.343770534,1.000564558
H,14,-,-,-,-,O=C(CCl)NCC/[NH+]=C(C=CC1=C2C3=CC=CC(CN4CCOCC4)=C3)/C=C1OC5=C2C=CC(N6C=C(N=N6)C7=CC=C(C)C=C7)=C5,-,0.285559624,0.798046374
H,15,-,-,-,-,O=C(CCl)NCC/[NH+]=C(C=CC1=C2C3=CC=C(N(C)C)C=C3)/C=C1OC4=C2C=CC(N5C=C(N=N5)C6=CC=C(C(C)(C)C)C=C6)=C4,-,0.348007232,1.809671194
H,16,-,-,-,-,O=C(CCl)NCC/[NH+]=C(C=CC1=C2C3=CC=C(C4=CC=CC=C4)C=C3)/C=C1OC5=C2C=CC(N6C=C(N=N6)C7=CC=C(CCCC)C=C7)=C5,-,0.288150996,0.916944928
H,17,-,-,-,-,O=C(CCl)NCC/[NH+]=C(C=CC1=C2C3=CC=C(F)C(C)=C3)/C=C1OC4=C2C=CC(N5C=C(N=N5)C6=CC=C(CCCC)C=C6)=C4,-,0.272802413,0.921323153
H,18,-,-,-,-,O=C(CCl)NCC/[NH+]=C(C=CC1=C2C3=CC=C(OC4=CC=CC=C4)C=C3)/C=C1OC5=C2C=CC(N6C=C(N=N6)C7=CC=C(N(C)C)C=C7)=C5,-,0.352245122,1.274169004
H,19,-,-,-,-,O=C(CCl)NCC/[NH+]=C(C=CC1=C2C3=CC=C(C4=CC=CC=C4)C=C3)/C=C1OC5=C2C=CC(N6C=C(N=N6)C7=CC=C(N(C)C)C=C7)=C5,-,0.354347229,1.312645558
H,20,-,-,-,-,O=C(CCl)NCC/[NH+]=C(C=CC1=C2C3=CC=C(C4=CC=CC=C4)C=C3)/C=C1OC5=C2C=CC(N6C=C(N=N6)C7=CC(OC)=CC(OC)=C7)=C5,-,0.335379958,1.00651477
H,21,-,-,-,-,O=C(CCl)NCC/[NH+]=C(C=CC1=C2C3=CC(C)=C(OC)C(C)=C3)/C=C1OC4=C2C=CC(N5C=C(N=N5)C6=CC(OC)=CC(OC)=C6)=C4,-,0.318251103,1.076820082
H,22,-,-,-,-,O=C(CCl)NCC/[NH+]=C(C=CC1=C2C3=CC=CC(CN4CCOCC4)=C3)/C=C1OC5=C2C=CC(N6C=C(N=N6)C7=CC(OC)=CC(OC)=C7)=C5,-,0.278925687,0.792889622
I,3,-,-,-,-,O=C(CCl)NCC/[NH+]=C(C=CC1=C2C3=CC=C4C(C=CC=C4)=C3)/C=C1OC5=C2C=CC(N6C=C(N=N6)CC7=CC=CC=C7)=C5,-,0.345573008,1.027933354
I,4,-,-,-,-,O=C(CCl)NCC/[NH+]=C(C=CC1=C2C3=CC=C4C(C=CC(OC)=C4)=C3)/C=C1OC5=C2C=CC(N6C=C(N=N6)CC7=CC=CC=C7)=C5,-,0.340632886,1.024397632
I,5,-,-,-,-,O=C(CCl)NCC/[NH+]=C(C=CC1=C2C3=CC(C)=C(OC)C(C)=C3)/C=C1OC4=C2C=CC(N5C=C(N=N5)CC6=CC=CC=C6)=C4,-,0.329529554,1.115034597
I,6,-,-,-,-,O=C(CCl)NCC/[NH+]=C(C=CC1=C2C3=CC=C(F)C(C)=C3)/C=C1OC4=C2C=CC(N5C=C(N=N5)CC6=CC=CC=C6)=C4,-,0.33493185,1.059379873
I,7,-,-,-,-,O=C(CCl)NCC/[NH+]=C(C=CC1=C2C3=CC=C(N(C)C)C=C3)/C=C1OC4=C2C=CC(N5C=C(N=N5)C6=C(C)C=CC=C6)=C4,-,0.353884995,1.420912986
I,8,-,-,-,-,O=C(CCl)NCC/[NH+]=C(C=CC1=C2C3=CC=C(C4=CC=CC=C4)C=C3)/C=C1OC5=C2C=CC(N6C=C(N=N6)C7=C(C)C=CC=C7)=C5,-,0.344825149,1.046332323
I,9,-,-,-,-,O=C(CCl)NCC/[NH+]=C(C=CC1=C2C3=CC(C)=C(OC)C(C)=C3)/C=C1OC4=C2C=CC(N5C=C(N=N5)C6=C(C)C=CC=C6)=C4,-,0.327522516,1.123603008
I,10,-,-,-,-,O=C(CCl)NCC/[NH+]=C(C=CC1=C2C3=CC=C(F)C(C)=C3)/C=C1OC4=C2C=CC(N5C=C(N=N5)C6=C(C)C=CC=C6)=C4,-,0.332960337,1.068920118
I,11,-,-,-,-,O=C(CCl)NCC/[NH+]=C(C=CC1=C2C3=CC=CC(CN4CCCCC4)=C3)/C=C1OC5=C2C=CC(N6C=C(N=N6)C7=C(C)C=CC=C7)=C5,-,0.252247363,0.780092633
I,12,-,-,-,-,O=C(CCl)NCC/[NH+]=C(C=CC1=C2C3=CC=C(OC)C=C3)/C=C1OC4=C2C=CC(N5C=C(COC6=CC=CC=C6)N=N5)=C4,-,0.335367501,0.990640949
I,13,-,-,-,-,O=C(CCl)NCC/[NH+]=C(C=CC1=C2C3=CC=C(F)C(C)=C3)/C=C1OC4=C2C=CC(N5C=C(COC6=CC=CC=C6)N=N5)=C4,-,0.330100149,0.98575072
I,14,-,-,-,-,O=C(CCl)NCC/[NH+]=C(C=CC1=C2C3=CC=C(OC)C=C3)/C=C1OC4=C2C=CC(N5C=C(C6=CC=C(CC)C=C6)N=N5)=C4,-,0.329862654,1.061904131
I,15,-,-,-,-,O=C(CCl)NCC/[NH+]=C(C=CC1=C2C3=CC=C(OC4=CC=CC=C4)C=C3)/C=C1OC5=C2C=CC(N6C=C(C7=CC=C(CC)C=C7)N=N6)=C5,-,0.335384935,1.009940179
I,16,-,-,-,-,O=C(CCl)NCC/[NH+]=C(C=CC1=C2C3=CC=C4C(C=CC=C4)=C3)/C=C1OC5=C2C=CC(N6C=C(C7=CC=C(CC)C=C7)N=N6)=C5,-,0.335988522,1.02703747
I,17,-,-,-,-,O=C(CCl)NCC/[NH+]=C(C=CC1=C2C3=CC=C4C(C=CC(OC)=C4)=C3)/C=C1OC5=C2C=CC(N6C=C(C7=CC=C(CC)C=C7)N=N6)=C5,-,0.331106365,1.023986046
I,18,-,-,-,-,O=C(CCl)NCC/[NH+]=C(C=CC1=C2C3=CC(C)=C(OC)C(C)=C3)/C=C1OC4=C2C=CC(N5C=C(C6=CC=C(CC)C=C6)N=N5)=C4,-,0.319665849,1.112844742
I,19,-,-,-,-,O=C(CCl)NCC/[NH+]=C(C=CC1=C2C3=CC=C(F)C(C)=C3)/C=C1OC4=C2C=CC(N5C=C(C6=CC=C(CC)C=C6)N=N5)=C4,-,0.324665517,1.058615165
I,20,-,-,-,-,O=C(CCl)NCC/[NH+]=C(C=CC1=C2C3=CC=C(OC)C=C3)/C=C1OC4=C2C=CC(N5C=C(CCC6=CC=CC=C6)N=N5)=C4,-,0.337910831,1.043275615
I,21,-,-,-,-,O=C(CCl)NCC/[NH+]=C(C=CC1=C2C3=CC=C(C4=CC=CC=C4)C=C3)/C=C1OC5=C2C=CC(N6C=C(CCC7=CC=CC=C7)N=N6)=C5,-,0.344355971,1.023307703
I,22,-,-,-,-,O=C(CCl)NCC/[NH+]=C(C=CC1=C2C3=CC=CC(CN4CCOCC4)=C3)/C=C1OC5=C2C=CC(N6C=C(CCC7=CC=CC=C7)N=N6)=C5,-,0.28510952,0.805983356
J,3,-,-,-,-,O=C(CCl)NCC/[NH+]=C(C=CC1=C2C3=CC=CC(CN4CCCCC4)=C3)/C=C1OC5=C2C=CC(N6C=C(CCC7=CC=CC=C7)N=N6)=C5,-,0.253574342,0.774450455
J,4,-,-,-,-,O=C(NCC/[NH+]=C(C=C1OC2=C3C=CC(N4C=C(N=N4)C5=CC=C(OC6=CC=CC=C6)C=C5)=C2)\C=CC1=C3C7=CC=C(N(C)C)C=C7)CCl,-,0.352196932,1.264706769
J,5,-,-,-,-,O=C(NCC/[NH+]=C(C=C1OC2=C3C=CC(N4C=C(N=N4)C5=CC=C(OC6=CC=CC=C6)C=C5)=C2)\C=CC1=C3C7=CC=C(OC8=CC=CC=C8)C=C7)CCl,-,0.341599375,0.93802546
J,6,-,-,-,-,O=C(NCC/[NH+]=C(C=C1OC2=C3C=CC(N4C=C(N=N4)C5=CC=C(OC6=CC=CC=C6)C=C5)=C2)\C=CC1=C3C7=CC=C(C8=CC=CC=C8)C=C7)CCl,-,0.343546271,0.961555947
J,7,-,-,-,-,O=C(NCC/[NH+]=C(C=C1OC2=C3C=CC(N4C=C(N=N4)C5=CC=C(OC6=CC=CC=C6)C=C5)=C2)\C=CC1=C3C7=CC(C)=C(OC)C(C)=C7)CCl,-,0.329412878,1.016299921
J,8,-,-,-,-,O=C(NCC/[NH+]=C(C=C1OC2=C3C=CC(N4C=C(N=N4)C5=CC=CC6=C5C=CC=C6)=C2)\C=CC1=C3C7=CC=C(C8=CC=CC=C8)C=C7)CCl,-,0.344492048,0.984704306
J,9,-,-,-,-,O=C(NCC/[NH+]=C(C=C1OC2=C3C=CC(N4C=C(N=N4)C5=CC=CC6=C5C=CC=C6)=C2)\C=CC1=C3C7=CC=C8C(C=CC=C8)=C7)CCl,-,0.343659014,0.971457304
j,10,-,-,-,-,O=C(NCC/[NH+]=C(C=C1OC2=C3C=CC(N4C=C(N=N4)C5=CC=CC6=C5C=CC=C6)=C2)\C=CC1=C3C7=CC=CC(CN8CCOCC8)=C7)CCl,-,0.288464904,0.762819231
J,11,-,-,-,-,O=C(NCC/[NH+]=C(C=C1OC2=C3C=CC(N4C=C(N=N4)C5=CC=C(C=CC(OC)=C6)C6=C5)=C2)\C=CC1=C3C7=CC=C(OC)C=C7)CCl,-,0.334833473,0.98930797
J,12,-,-,-,-,O=C(NCC/[NH+]=C(C=C1OC2=C3C=CC(N4C=C(N=N4)C5=CC=C(C=CC(OC)=C6)C6=C5)=C2)\C=CC1=C3C7=CC=C8C(C=CC=C8)=C7)CCl,-,0.339786917,0.963809911
J,13,-,-,-,-,O=C(NCC/[NH+]=C(C=C1OC2=C3C=CC(N4C=C(N=N4)C5=CC=C(C=CC(OC)=C6)C6=C5)=C2)\C=CC1=C3C7=CC=C8C(C=CC(OC)=C8)=C7)CCl,-,0.335522205,0.963025664
J,14,-,-,-,-,O=C(NCC/[NH+]=C(C=C1OC2=C3C=CC(N4C=C(N=N4)C5=CC=C(C=CC(OC)=C6)C6=C5)=C2)\C=CC1=C3C7=CC=C(N(C)C)C=C7)CCl,-,0.348560184,1.294628747
J,15,-,-,-,-,O=C(NCC/[NH+]=C(C=C1OC2=C3C=CC(N4C=C(N=N4)C5=CC=C(C=CC(OC)=C6)C6=C5)=C2)\C=CC1=C3C7=CC=C8C(C=CC=C8)=C7)CCl,-,0.339786917,0.963809932
J,16,-,-,-,-,O=C(NCC/[NH+]=C(C=C1OC2=C3C=CC(N4C=C(N=N4)C5=CC=C(C=CC(OC)=C6)C6=C5)=C2)\C=CC1=C3C7=CC=C(C8=CC=CC=C8)C=C7)CCl,-,0.340897024,0.976801618
J,17,-,-,-,-,O=C(NCC/[NH+]=C(C=C1OC2=C3C=CC(N4C=C(N=N4)C5=CC=C(C=CC(OC)=C6)C6=C5)=C2)\C=CC1=C3C7=CC=CC(CN8CCCCC8)=C7)CCl,-,0.256930768,0.736033959
J,18,-,-,-,-,O=C(NCC/[NH+]=C(C=C1OC2=C3C=CC(N4C=C(N=N4)C5=CC=C(OC(F)(F)F)C=C5)=C2)\C=CC1=C3C6=CC=C(F)C(C)=C6)CCl,-,0.328114569,0.852166718
J,19,-,-,-,-,O=C(NCC/[NH+]=C(C=C1OC2=C3C=CC(N4C=C(N=N4)C5=CC=C(OC(F)(F)F)C=C5)=C2)\C=CC1=C3C6=CC=CC(CN7CCCCC7)=C6)CCl,-,0.254646063,0.651731904
BIDCA,7,A,lotto,J,1,CN1C(/C=C/C2=CC=C(C=C2)N(C)CCF)=[N+](C3=C1C=CC=C3)CCCCCC(N(CCNC(CCl)=O)CCC(C4=CC=CC=C4)C5=CC=CC=C5)=O,-,0.177939996,0.729008547
BIDCA,8,A,lotto,J,2,CN1C(/C=C/C2=CC=C(C=C2)N(C)CCF)=[N+](C3=C1C=CC=C3)CCCCCC(N(CCNC(CCl)=O)CC4=C(C=CC=C4)C)=O,-,0.176110461,0.794361619
BIDCA,10,A,lotto,J,3,ClCC(NCCN(CC1=C(C(OC)=CC=C1)OC)C(CCCCC[N+](C2=C3C=CC=C2)=C(/C=C/C4=CC=C(C=C4)N(C)CCF)N3C)=O)=O,-,0.171637759,0.770903893
BIDCA,2,B,lotto,K,3,CN1C(/C=C/C2=CC=C(C=C2)N(C)CCF)=[N+](C3=C1C=CC=C3)CCCCCC(N(CCNC(CCl)=O)CC4=C(C=CC=C4Cl)Cl)=O,-,0.175446779,0.768103467
BIDCA,3,B,lotto,K,4,CN1C(/C=C/C2=CC=C(C=C2)N(C)CCF)=[N+](C3=C1C=CC=C3)CCCCCC(N(CCNC(CCl)=O)CCC4=CC=C(C=C4)F)=O,-,0.161021277,0.677201981
BIDCA,5,B,lotto,K,5,CN1C(/C=C/C2=CC=C(C=C2)N(C)CCF)=[N+](C3=C1C=CC=C3)CCCCCC(N(CCNC(CCl)=O)CCOC)=O,-,0.127681598,0.562172812
BIDCA,9,B,lotto,K,6,CN1C(/C=C/C2=CC=C(C=C2)N(C)CCF)=[N+](C3=C1C=CC=C3)CCCCCC(N(CCNC(CCl)=O)CCCOCC(CCCC)CC)=O,-,0.079772927,0.314334067
BIDCA,7,C,lotto,K,7,CN1C(/C=C/C2=CC=C(C=C2)N(C)CCF)=[N+](C3=C1C=CC=C3)CCCCCC(N(CCNC(CCl)=O)CCC4=CC(OC)=C(C=C4)OC)=O,-,0.160777837,0.702305727
BIDCA,9,C,lotto,K,8,CN1C(/C=C/C2=CC=C(C=C2)N(C)CCF)=[N+](C3=C1C=CC=C3)CCCCCC(N(CCNC(CCl)=O)CCC4=CC=CC=C4OC)=O,-,0.162186414,0.702071442
BIDCA,11,C,lotto,K,9,CN1C(/C=C/C2=CC=C(C=C2)N(C)CCF)=[N+](C3=C1C=CC=C3)CCCCCC(N(CCNC(CCl)=O)C(CCC4=CC=CC=C4)C)=O,-,0.161389261,0.676094522
BIDCA,3,D,lotto,K,10,CN1C(/C=C/C2=CC=C(N(CCF)C)C=C2)=[N+](CCCCCC(N(CC3=CC(OC)=C(OC)C=C3)CCN)=O)C4=C1C=CC=C4,-,0.117360219,0.655466986
BIDCA,5,D,lotto,K,11,CN1C(/C=C/C2=CC=C(C=C2)N(C)CCF)=[N+](C3=C1C=CC=C3)CCCCCC(N(CCNC(CCl)=O)CC4=CC=C(C=C4)C(F)(F)F)=O.C,-,0.177289233,0.734370268
BIDCA,7,D,lotto,K,12,CN1C(/C=C/C2=CC=C(C=C2)N(C)CCF)=[N+](C3=C1C=CC=C3)CCCCCC(N(CCNC(CCl)=O)CC4=CC(Br)=CC=C4)=O.C,-,0.166428387,0.728070715
BIDCA,8,D,lotto,K,13,CN1C(/C=C/C2=CC=C(C=C2)N(C)CCF)=[N+](C3=C1C=CC=C3)CCCCCC(N(CCNC(CCl)=O)CC4=CC(OC)=C(C(OC)=C4)OC)=O,-,0.169562891,0.771293228
BIDCA,3,E,lotto,K,14,CN1C(/C=C/C2=CC=C(N(CCF)C)C=C2)=[N+](CCCCCC(N(CCCCC)CCNC(CCl)=O)=O)C3=C1C=CC=C3,-,0.092382811,0.44054523
BIDCA,5,E,lotto,K,15,CN1C(/C=C/C2=CC=C(N(CCF)C)C=C2)=[N+](CCCCCC(N(CC3=CC=CC=C3F)CCNC(CCl)=O)=O)C4=C1C=CC=C4,-,0.171983317,0.754386929
BIDCA,9,E,lotto,K,16,CN1C(/C=C/C2=CC=C(N(CCF)C)C=C2)=[N+](CCCCCC(N(CC3=CC(OC)=CC=C3)CCNC(CCl)=O)=O)C4=C1C=CC=C4,-,0.176548928,0.786839379
BIDCA,11,E,lotto,K,17,CN1C(/C=C/C2=CC=C(N(CCF)C)C=C2)=[N+](CCCCCC(N(C(C3=CC=C(C=C3)F)C)CCNC(CCl)=O)=O)C4=C1C=CC=C4.C,-,0.172175854,0.724941868
BIDCA,5,F,lotto,K,18,CN1C(/C=C/C2=CC=C(C=C2)N(C)CCF)=[N+](C3=C1C=CC=C3)CCCCCC(N(CCNC(CCl)=O)CC4=C(C=C(C=C4)F)F)=O,-,0.169242054,0.736639338
BIDCA,6,F,lotto,K,19,CN1C(/C=C/C2=CC=C(C=C2)N(C)CCF)=[N+](C3=C1C=CC=C3)CCCCCC(N(CCNC(CCl)=O)CC4=CC(Cl)=CC=C4)=O,-,0.177290305,0.776812156
BIDCA,7,F,lotto,K,20,CN1C(/C=C/C2=CC=C(C=C2)N(C)CCF)=[N+](C3=C1C=CC=C3)CCCCCC(N(CCNC(CCl)=O)CCC4=CC(F)=CC=C4)=O,-,0.160345599,0.676160443
BIDCA,10,F,lotto,K,21,CN1C(/C=C/C2=CC=C(C=C2)N(C)CCF)=[N+](C3=C1C=CC=C3)CCCCCC(N(CCNC(CCl)=O)CCCCC)=O,-,0.092382826,0.44054523
BIDCA,11,F,lotto,K,22,CN1C(/C=C/C2=CC=C(C=C2)N(C)CCF)=[N+](C3=C1C=CC=C3)CCCCCC(N(CCNC(CCl)=O)C(CC)CC)=O,-,0.118963078,0.542359288
BIDCA,7,G,lotto,L,3,CN1C(/C=C/C2=CC=C(C=C2)N(C)CCF)=[N+](C3=C1C=CC=C3)CCCCCC(N(CCNC(CCl)=O)CC4=CC=CO4)=O,-,0.176058322,0.756232951
BIDCA,11,G,lotto,L,4,CN1C(/C=C/C2=CC=C(C=C2)N(C)CCF)=[N+](C3=C1C=CC=C3)CCCCCC(N(CCNC(CCl)=O)CCC4=CC=CC=C4Cl)=O,-,0.162826329,0.690503696
BIDCA,3,H,lotto,L,5,CN1C(/C=C/C2=CC=C(C=C2)N(C)CCF)=[N+](C3=C1C=CC=C3)CCCCCC(N(CCNC(CCl)=O)CC(C4=CC=CC=C4)C5=CC=CC=C5)=O,-,0.190426692,0.792955421
BIDCA,4,H,lotto,L,6,CN1C(/C=C/C2=CC=C(C=C2)N(C)CCF)=[N+](C3=C1C=CC=C3)CCCCCC(N(CCNC(CCl)=O)CC4=CC(Cl)=C(C=C4)Cl)=O,-,0.176685244,0.771162893
BIDCA,5,H,lotto,L,7,CN1C(/C=C/C2=CC=C(C=C2)N(C)CCF)=[N+](C3=C1C=CC=C3)CCCCCC(N(CCNC(CCl)=O)CCC4=CC=C(C=C4)Br)=O,-,0.155534938,0.64898266
BIDCA,7,H,lotto,L,8,CN1C(/C=C/C2=CC=C(C=C2)N(C)CCF)=[N+](C3=C1C=CC=C3)CCCCCC(N(CCNC(CCl)=O)CC4=CC=C(C=C4F)Cl)=O,-,0.173382223,0.756049317
BIDCA,9,H,lotto,L,9,CN1C(/C=C/C2=CC=C(C=C2)N(C)CCF)=[N+](C3=C1C=CC=C3)CCCCCC(N(CCNC(CCl)=O)CCCNC(OC(C)(C)C)=O)=O,-,0.137071967,0.738738211
BIDCA,10,H,lotto,L,10,CN1C(/C=C/C2=CC=C(C=C2)N(C)CCF)=[N+](C3=C1C=CC=C3)CCCCCC(N(CCNC(CCl)=O)CCC4=CC=C(C=C4)Cl)=O,-,0.16522488,0.696841848
BIDAC,4,A,lotto,L,11,CN1C(/C=C/C2=CC=C(C=C2)N(C)CCF)=[N+](C3=C1C=CC=C3)CCCCCC(N(CCNC(CCl)=O)C(C)CC4=CC=CC=C4)=O,-,0.173715979,0.734102676
BIDAC,5,A,lotto,L,12,CN1C(/C=C/C2=CC=C(C=C2)N(C)CCF)=[N+](C3=C1C=CC=C3)CCCCCC(N(CCNC(CCl)=O)CC4=C(C=CC=C4F)F)=O,-,0.167741209,0.73705693
BIDAC,7,A,lotto,L,13,CN1C(/C=C/C2=CC=C(C=C2)N(C)CCF)=[N+](C3=C1C=CC=C3)CCCCCC(N(CCNC(CCl)=O)CCC(C4=CC=CC=C4)C5=CC=CC=C5)=O,-,0.177939996,0.729008547
BIDAC,8,A,lotto,L,14,CN1C(/C=C/C2=CC=C(C=C2)N(C)CCF)=[N+](C3=C1C=CC=C3)CCCCCC(N(CCNC(CCl)=O)CC4=C(C=CC=C4)C)=O,-,0.176110461,0.794361619
BIDAC,9,A,lotto,L,15,CN1C(/C=C/C2=CC=C(C=C2)N(C)CCF)=[N+](C3=C1C=CC=C3)CCCCCC(N(CCNC(CCl)=O)CC4=C(C=CC=C4)OCC)=O,-,0.169862777,0.76535972
BIDAC,4,B,lotto,L,16,CN1C(/C=C/C2=CC=C(C=C2)N(C)CCF)=[N+](C3=C1C=CC=C3)CCCCCC(N(CCNC(CCl)=O)CCCOC)=O,-,0.113106407,0.496991036
BIDAC,6,B,lotto,L,17,CN1C(/C=C/C2=CC=C(C=C2)N(C)CCF)=[N+](C3=C1C=CC=C3)CCCCCC(N(CCNC(CCl)=O)C4CCCC4)=O,-,0.133160561,0.511827126
BIDAC,10,B,lotto,L,18,CN1C(/C=C/C2=CC=C(C=C2)N(C)CCF)=[N+](C3=C1C=CC=C3)CCCCCC(N(CCNC(CCl)=O)CCC4=CC=C(C=C4)CC)=O,-,0.162437454,0.738281734
BIDAC,11,B,lotto,L,19,CN1C(/C=C/C2=CC=C(C=C2)N(C)CCF)=[N+](C3=C1C=CC=C3)CCCCCC(N(CCNC(CCl)=O)CC4=CC=C(C=C4)F)=O,-,0.173288897,0.752780811
BIDAC,3,C,lotto,L,20,CN1C(/C=C/C2=CC=C(C=C2)N(C)CCF)=[N+](C3=C1C=CC=C3)CCCCCC(N(CCNC(CCl)=O)CC4=CC=C(C=C4)Cl)=O,-,0.17776075,0.772925119
BIDAC,9,C,lotto,L,21,CN1C(/C=C/C2=CC=C(C=C2)N(C)CCF)=[N+](C3=C1C=CC=C3)CCCCCC(N(CCNC(CCl)=O)CCC4=CC=CC=C4OC)=O,-,0.162186414,0.702071442
BIDAC,11,C,lotto,L,22,CN1C(/C=C/C2=CC=C(C=C2)N(C)CCF)=[N+](C3=C1C=CC=C3)CCCCCC(N(CCNC(CCl)=O)C(CCC4=CC=CC=C4)C)=O,-,0.161389261,0.676094522
BIDAC,10,D,lotto,M,3,CN1C(/C=C/C2=CC=C(N(CCF)C)C=C2)=[N+](CCCCCC(N(CCC3=CC=C(C=C3)[N+]([O-])=O)CCNC(CCl)=O)=O)C4=C1C=CC=C4,-,0.172154039,0.643181564
BIDAC,11,D,lotto,M,4,CN1C(/C=C/C2=CC=C(N(CCF)C)C=C2)=[N+](CCCCCC(N(CC3=CC=C(C=C3)[N+]([O-])=O)CCNC(CCl)=O)=O)C4=C1C=CC=C4,-,0.184830025,0.720206413
BIDAC,3,E,lotto,M,5,CN1C(/C=C/C2=CC=C(N(CCF)C)C=C2)=[N+](CCCCCC(N(CCCCC)CCNC(CCl)=O)=O)C3=C1C=CC=C3,-,0.092382811,0.44054523
BIDAC,5,E,lotto,M,6,CN1C(/C=C/C2=CC=C(N(CCF)C)C=C2)=[N+](CCCCCC(N(CC3=CC=CC=C3F)CCNC(CCl)=O)=O)C4=C1C=CC=C4,-,0.171983317,0.754386929
BIDAC,7,E,lotto,M,7,CN1C(/C=C/C2=CC=C(N(CCF)C)C=C2)=[N+](CCCCCC(N(CC3CCCCC3)CCNC(CCl)=O)=O)C4=C1C=CC=C4,-,0.120371573,0.454330417
BIDAC,10,E,lotto,M,8,CN1C(/C=C/C2=CC=C(N(CCF)C)C=C2)=[N+](CCCCCC(N(CC3=C(C=CC=C3)OC)CCNC(CCl)=O)=O)C4=C1C=CC=C4,-,0.17457509,0.782809019
BIDAC,3,F,lotto,M,9,CN1C(/C=C/C2=CC=C(N(CCF)C)C=C2)=[N+](CCCCCC(N(C(C3=CC=C(C=C3)F)C)CCNC(CCl)=O)=O)C4=C1C=CC=C4,-,0.173140496,0.727713954
BIDAC,5,F,lotto,M,10,CN1C(/C=C/C2=CC=C(C=C2)N(C)CCF)=[N+](C3=C1C=CC=C3)CCCCCC(N(CCNC(CCl)=O)CCC4=CC=C(C=C4)C)=O,-,0.165060669,0.721775723
BIDAC,9,F,lotto,M,11,CN1C(/C=C/C2=CC=C(C=C2)N(C)CCF)=[N+](C3=C1C=CC=C3)CCCCCC(N(CCNC(CCl)=O)CC4=CC(F)=CC(F)=C4)=O,-,0.169778317,0.743384903
BIDAC,10,F,lotto,M,12,CN1C(/C=C/C2=CC=C(C=C2)N(C)CCF)=[N+](C3=C1C=CC=C3)CCCCCC(N(CCNC(CCl)=O)CCCCC)=O,-,0.092382826,0.44054523
BIDAC,11,F,lotto,M,13,CN1C(/C=C/C2=CC=C(C=C2)N(C)CCF)=[N+](C3=C1C=CC=C3)CCCCCC(N(CCNC(CCl)=O)C(CC)CC)=O,-,0.118963078,0.542359288
BIDAC,2,G,lotto,M,14,CN1C(/C=C/C2=CC=C(C=C2)N(C)CCF)=[N+](C3=C1C=CC=C3)CCCCCC(N(CCNC(CCl)=O)C4CCCCC4C)=O,-,0.140296265,0.533834924
BIDAC,6,G,lotto,M,15,CN1C(/C=C/C2=CC=C(C=C2)N(C)CCF)=[N+](C3=C1C=CC=C3)CCCCCC(N(CCNC(CCl)=O)C4CCCCCC4)=O,-,0.122202709,0.464534474
BIDAC,8,G,lotto,M,16,CN1C(/C=C/C2=CC=C(C=C2)N(C)CCF)=[N+](C3=C1C=CC=C3)CCCCCC(N(CCNC(CCl)=O)CC4=CC(F)=CC=C4F)=O,-,0.168863848,0.735946499
BIDAC,11,G,lotto,M,17,CN1C(/C=C/C2=CC=C(C=C2)N(C)CCF)=[N+](C3=C1C=CC=C3)CCCCCC(N(CCNC(CCl)=O)CCC4=CC=CC=C4Cl)=O,-,0.162826329,0.690503696
BIDAC,3,H,lotto,M,18,CN1C(/C=C/C2=CC=C(C=C2)N(C)CCF)=[N+](C3=C1C=CC=C3)CCCCCC(N(CCNC(CCl)=O)CC(C4=CC=CC=C4)C5=CC=CC=C5)=O,-,0.190426692,0.792955421
BIDAC,4,H,lotto,M,19,CN1C(/C=C/C2=CC=C(C=C2)N(C)CCF)=[N+](C3=C1C=CC=C3)CCCCCC(N(CCNC(CCl)=O)CC4=CC(Cl)=C(C=C4)Cl)=O,-,0.176685244,0.771162893
BIDAC,10,H,lotto,M,20,CN1C(/C=C/C2=CC=C(C=C2)N(C)CCF)=[N+](C3=C1C=CC=C3)CCCCCC(N(CCNC(CCl)=O)CCC4=CC=C(C=C4)Cl)=O,-,0.16522488,0.696841848
BIDAC,11,H,lotto,M,21,F[B-]([N+]1=C(CCC(NCCN(C)C)=O)C=CC1=C2)(F)N3C2=C(C)C=C3/C=C/C4=CC(OC)=C(OC)C(OC)=C4,-,0.197848871,0.923419869
BDD-1,2,A,lotto,M,22,F[B-]([N+]1=C(CCC(NCCN(C)C)=O)C=CC1=C2)(F)N3C2=C(C)C=C3/C=C/C4=CC=C(N(C)CCC#N)C=C4,-,0.205921829,1.036077014
BDD-1,4,A,lotto,N,3,F[B-]([N+]1=C(CCC(NCCN(C)C)=O)C=CC1=C2)(F)N3C2=C(C)C=C3/C=C/C4=CC=C(C5=CC=CC=C5)C=C4,-,0.230356723,0.929427481
BDD-1,10,A,lotto,N,4,F[B-]([N+]1=C(CCC(NCCN(C)C)=O)C=CC1=C2)(F)N3C2=C(C)C=C3/C=C/C4=CC=C(N(C5=CC=CC=C5)C6=CC=CC=C6)C=C4,-,0.253970683,1.065097561
BDD-1,3,B,lotto,N,5,F[B-]([N+]1=C(CCC(NCCN(C)C)=O)C=CC1=C2)(F)N3C2=C(C)C=C3/C=C/C4=CC=C(SC)C=C4,-,0.211165652,0.958523415
BDD-1,11,B,lotto,N,6,F[B-]([N+]1=C(CCC(NCCN(C)C)=O)C=CC1=C2)(F)N3C2=C(C)C=C3/C=C/C4=C(O)C=CC(C)=C4,-,0.210167065,0.929900448
BDD-1,5,C,lotto,N,7,F[B-]([N+]1=C(CCC(NCCN(C)C)=O)C=CC1=C2)(F)N3C2=C(C)C=C3/C=C/C4=CC=C(OC)C(O)=C4Cl,-,0.205001324,0.901796072
BDD-1,8,C,lotto,N,8,F[B-]([N+]1=C(CCC(NCCN(C)C)=O)C=CC1=C2)(F)N3C2=C(C)C=C3/C=C/C4=CC(C(C)(C)C)=CC=C4O,-,0.213022545,1.384634187
BDD-1,4,D,lotto,N,9,F[B-]([N+]1=C(CCC(NCCN(C)C)=O)C=CC1=C2)(F)N3C2=C(C)C=C3/C=C/C4=CC(Br)=CC=C4OC,-,0.195369378,0.883507068
BDD-1,5,D,lotto,N,10,F[B-]([N+]1=C(CCC(NCCN(C)C)=O)C=CC1=C2)(F)N3C2=C(C)C=C3/C=C/C4=C(OC)C=CC5=C4C=CC=C5,-,0.220347732,0.931072158
BDD-1,7,D,lotto,N,11,F[B-]([N+]1=C(CCC(NCCN(C)C)=O)C=CC1=C2)(F)N3C2=C(C)C=C3/C=C/C4=CC=C(OCC)C(OC)=C4,-,0.196935043,0.914918795
BDD-1,10,D,lotto,N,12,F[B-]([N+]1=C(CCC(NCCN(C)C)=O)C=CC1=C2)(F)N3C2=C(C)C=C3/C=C/C4=CC=C(OC(F)(F)F)C=C4,-,0.220260426,0.821095771
BDD-1,2,E,lotto,N,13,F[B-]([N+]1=C(CCC(NCCN(C)C)=O)C=CC1=C2)(F)N3C2=C(C)C=C3/C=C/C4=CC=C(OC)C5=C4C=C(OC)C=C5,-,0.221368849,0.934076229
BDD-1,5,E,lotto,N,14,F[B-]([N+]1=C(CCC(NCCN(C)C)=O)C=CC1=C2)(F)N3C2=C(C)C=C3/C=C/C4=CC=C(CCC)C=C4,-,0.194047615,0.988050246
BDD-1,2,F,lotto,N,15,F[B-]([N+]1=C(CCC(NCCN(C)C)=O)C=CC1=C2)(F)N3C2=C(C)C=C3/C=C/C4=CN(C)C5=C4C=CC=C5,-,0.232291102,1.088967097
BDD-1,3,F,lotto,N,16,F[B-]([N+]1=C(CCC(NCCN(C)C)=O)C=CC1=C2)(F)N3C2=C(C)C=C3/C=C/C4=CC(OC)=C(O)C(OC)=C4,-,0.199816927,0.881854777
BDD-1,9,F,lotto,N,17,F[B-]([N+]1=C(CCC(NCCN(C)C)=O)C=CC1=C2)(F)N3C2=C(C)C=C3/C=C/C4=CC=C(N(CC)CC)C=C4,-,0.193741381,0.964816921
BDD-1,7,G,lotto,N,18,F[B-]([N+]1=C(CCC(NCCN(C)C)=O)C=CC1=C2)(F)N3C2=C(C)C=C3/C=C/C4=CC(C=CC=C5)=C5C=C4,-,0.22337532,0.915735169
BDD-1,8,G,lotto,N,19,F[B-]([N+]1=C(CCC(NCCN(C)C)=O)C=CC1=C2)(F)N3C2=C(C)C=C3/C=C/C4=CC(OCO5)=C5C=C4,-,0.213057816,0.911976634
BDD-1,2,H,lotto,N,20,F[B-]([N+]1=C(CCC(NCCN(C)C)=O)C=CC1=C2)(F)N3C2=C(C)C=C3/C=C/C4=CC=C(OCCCN(C)C)C=C4,-,0.155397326,0.900846534
BDD-1,7,H,lotto,N,21,F[B-]([N+]1=C(CCC(NCCN(C)C)=O)C=CC1=C2)(F)N3C2=C(C)C=C3/C=C/C4=CC=C(B(O)O)C=C4,-,0.207109272,0.899395384
BDD-1,11,H,lotto,N,22,F[B-]([N+]1=C(CCC(NCCN(C)C)=O)C=CC1=C2)(F)N3C2=C(C)C=C3/C=C/C4=C(OC)C=C(OC)C=C4,-,0.208093151,0.959466337